read_len,psite5,psite3
20,7,12
21,13,8
22,13,8
23,13,9
24,13,10
25,13,11
26,13,12
27,13,13
28,13,14
29,13,15
30,13,17
31,13,17
32,13,18
33,13,19
34,13,20
35,13,21
36,13,22
37,13,23
38,13,24
39,13,25
40,13,26
41,13,27
42,13,28
43,13,29
44,13,29
45,34,10
46,34,10
47,7,39
48,7,39
49,13,36
50,13,35
51,13,36
52,13,38
53,13,39
54,7,46
55,7,46
56,7,47
57,13,44
58,13,45
59,13,45
60,13,45
61,7,52
62,7,54
63,7,55
64,7,56
65,7,57
66,7,58
67,7,59
68,7,59
